# Labelled lines of build, test, and runtime output for training a failure classifier: one per line,
# `label<TAB>text`. Lines starting with `#` are comments (a text beginning with `#` follows its label).
# The label says what ONE line, read alone, reports.
#
# error: a build, compile, link, install, lint-as-error, or command step failed, or a diagnostic of
#   severity error (`file:line: error:`, `error[E0433]`, `npm ERR!`, `make: *** ... Error 2`,
#   `command not found`, `ld: symbol(s) not found`, `** BUILD FAILED **`, `exit code 1` in CI, docker
#   `failed to solve`, gradle `FAILURE: Build failed`, pytest collection `ERROR tests/...`). A linter
#   finding the tool itself marks `error:` (warnings as errors, a serious swiftlint violation) is error.
# test-failure: a line naming a failing test, an assertion or comparison that failed inside test output,
#   or a summary whose counts show more than zero failures. A panic in a thread named like a test path
#   is test-failure; unittest `ERROR: test_x (...)` (a named test that raised) is test-failure.
# warning: a warning or deprecation that does not fail the run. pip's "dependency resolver does not
#   currently take into account" line is a warning despite its ERROR prefix (pip continues); a linter
#   summary with 0 errors and some warnings is warning.
# crash: the process died abnormally: a signal (segfault, abort, bus error, SIGILL, Killed: 9, exit 137
#   or 139), a runtime trap (`Fatal error:`, `Precondition failed`, `thread 'main' panicked`, Go
#   `panic:` / `fatal error:`), a sanitizer abort, an uncaught exception head (`Traceback (most recent
#   call last):`, `Exception in thread "main"`, `FATAL ERROR: Reached heap limit`, NSException), the
#   final exception line of an uncaught traceback (`KeyError: 'x'`), a `Caused by:` line in such a chain,
#   and crash-report headers (`Thread 0 Crashed::`, `Exception Type:`). An assertion that aborts inside
#   a test function is test-failure; one that aborts in library code is crash.
# none: everything else: progress, compiling, downloading, linking, passing tests, clean summaries, and
#   context lines that carry no verdict of their own:
#   - stack frames, code snippets, caret and gutter lines (`   |`, `^^^^`), `-->` location lines;
#   - section headers and banners with no failure named in them (`=== FAILURES ===`, `failures:`,
#     `Failing tests:`, `[ERROR] Failures:`, `The following build commands failed:`, go's
#     `# package` header): the finding is the line that follows;
#   - one-sided assertion detail (`left: 1250`, `expected: 108.0`, `Expected: 0`): the finding is the
#     line stating the comparison or the failing test;
#   - lines that mention error or fail without reporting one (`0 errors`, `0 failed`,
#     `test_error_handling PASSED`, `✔ Test failsGracefully() passed`, `Compiling error-chain`,
#     `ErrorBoundary.tsx` in a file list, `--fail-fast`, commit subjects).
#
# Distribution: none is the largest class on purpose (about a third), because most lines of real output
# are not failures; every other label is at least 14%.
# Real output sometimes holds tabs (go's `FAIL<TAB>pkg`, crash-report columns, Java `<TAB>at` frames);
# they are replaced by spaces here so each line has exactly one tab, after the label.
# All paths, package names, ids, and hosts are invented.
# error: build, compile, link, install, lint-as-error or command step failures
error	/Users/dev/src/app/Sources/Net/Client.swift:118:22: error: cannot convert value of type 'Data?' to expected argument type 'Data'
error	Sources/Store/Cache.swift:44:9: error: cannot assign to value: 'count' is a 'let' constant
error	Sources/UI/Theme.swift:12:31: error: type 'Color' has no member 'accentGreen'
error	/tmp/build/Sources/Model/Order.swift:77:5: error: 'async' call in a function that does not support concurrency
error	Sources/Core/Queue.swift:201:17: error: sending 'job' risks causing data races
error	Sources/App/main.swift:3:8: error: no such module 'Collections'
error	error: the package manifest at '/Users/dev/src/kit/Package.swift' cannot be accessed (/Users/dev/src/kit/Package.swift doesn't exist in file system)
error	error: Dependencies could not be resolved because root depends on 'swift-argument-parser' 2.0.0..<3.0.0.
error	error: emit-module command failed with exit code 1 (use -v to see invocation)
error	Sources/Parser/Lexer.swift:59:14: error: switch must be exhaustive
error	src/codec.c:212:10: error: use of undeclared identifier 'frame_len'
error	lib/hash.cpp:88:23: error: no matching function for call to 'hash_combine'
error	include/ring.h:14:1: error: unknown type name 'uint128_t'
error	clang: error: linker command failed with exit code 1 (use -v to see invocation)
error	Undefined symbols for architecture arm64:
error	ld: symbol(s) not found for architecture x86_64
error	ld: library 'ssl' not found
error	fatal error: 'openssl/evp.h' file not found
error	error[E0433]: failed to resolve: use of undeclared crate or module `tokio`
error	error[E0599]: no method named `unwrap_or_default` found for enum `Result` in the current scope
error	error[E0382]: borrow of moved value: `config`
error	error[E0277]: the trait bound `Request: Serialize` is not satisfied
error	error[E0061]: this function takes 3 arguments but 2 arguments were supplied
error	error: could not compile `ingest` (lib) due to 4 previous errors; 1 warning emitted
error	error: failed to select a version for the requirement `serde = "^9.1"`
error	error: no matching package named `serde-json` found
error	error: failed to run custom build command for `openssl-sys v0.9.102`
error	error: package `clap_builder v4.5.9` cannot be built because it requires rustc 1.74 or newer
error	error: could not find `Cargo.toml` in `/Users/dev/src/scratch` or any parent directory
error	./handlers/user.go:41:15: undefined: validateEmail
error	./main.go:9:2: "strings" imported and not used
error	cmd/api/server.go:77:21: cannot use port (variable of type string) as int value in argument to listen
error	go: github.com/example/kit@v1.4.0: reading github.com/example/kit/go.mod at revision v1.4.0: unknown revision v1.4.0
error	go: updates to go.mod needed; to update it: go mod tidy
none	# github.com/example/billing/internal/ledger
error	vet: internal/ledger/post.go:33:2: unreachable code
error	ERROR tests/integration/test_payments.py - ModuleNotFoundError: No module named 'stripe_mock'
error	ERROR: Could not find a version that satisfies the requirement torch==2.9.9 (from versions: 2.3.0, 2.4.1)
error	ERROR: No matching distribution found for numpyy
error	error: subprocess-exited-with-error
error	src/report/render.py:42: error: Argument 1 to "format_row" has incompatible type "int"; expected "str"  [arg-type]
error	Found 3 errors in 2 files (checked 48 source files)
error	app/models.py:17:5: F821 Undefined name `Decimal`
error	E   ImportError: cannot import name 'soft_unicode' from 'markupsafe'
error	ERROR collecting tests/unit/test_cli.py
error	npm ERR! code ERESOLVE
error	npm ERR! ERESOLVE unable to resolve dependency tree
error	npm ERR! 404 Not Found - GET https://registry.npmjs.org/@example%2fui-kitt - Not found
error	npm ERR! Missing script: "lint:ci"
error	npm error code ELIFECYCLE
error	src/api/client.ts(34,7): error TS2322: Type 'string | undefined' is not assignable to type 'string'.
error	src/hooks/useCart.ts:18:24 - error TS2339: Property 'total' does not exist on type 'CartState'.
error	error TS5023: Unknown compiler option 'strictNullCheck'.
error	Found 7 errors in 3 files.
error	✖ 2 problems (2 errors, 0 warnings)
error	/Users/dev/web/src/pages/index.jsx 12:9  error  'useEffect' is not defined  no-undef
error	Module not found: Error: Can't resolve './components/Hedaer' in '/Users/dev/web/src'
error	[vite]: Rollup failed to resolve import "lodash-es/debounce" from "src/search.ts".
error	ERR_PNPM_NO_MATCHING_VERSION  No matching version found for react-dom@19.9.0
error	error Command failed with exit code 2.
error	YN0001: │ Error: esbuild@npm:0.21.5: The remote archive doesn't match the expected checksum
error	[ERROR] /Users/dev/svc/src/main/java/com/example/svc/OrderService.java:[54,31] cannot find symbol
error	[ERROR] Failed to execute goal org.apache.maven.plugins:maven-compiler-plugin:3.13.0:compile (default-compile) on project svc: Compilation failure
error	[ERROR] BUILD FAILURE
error	FAILURE: Build failed with an exception.
error	Execution failed for task ':app:compileDebugKotlin'.
error	e: file:///Users/dev/android/app/src/main/java/com/example/Feed.kt:88:13 Unresolved reference: FeedAdapter
error	Could not resolve all files for configuration ':app:debugRuntimeClasspath'.
error	> Could not find com.example:analytics:3.2.1.
error	OrderService.java:19: error: incompatible types: possible lossy conversion from long to int
error	make: *** [Makefile:42: build/obj/server.o] Error 1
error	make[2]: *** No rule to make target 'src/proto/api.pb.h', needed by 'src/net.o'.  Stop.
error	make: *** No targets specified and no makefile found.  Stop.
error	CMake Error at CMakeLists.txt:23 (find_package):
error	CMake Error: The source directory "/Users/dev/src/engine/build" does not appear to contain CMakeLists.txt.
error	ninja: build stopped: subcommand failed.
error	FAILED: src/CMakeFiles/engine.dir/render.cpp.o
error	** BUILD FAILED **
error	** ARCHIVE FAILED **
error	xcodebuild: error: Unable to find a destination matching the provided destination specifier:
error	error: No profiles for 'com.example.notes' were found: Xcode couldn't find any iOS App Development provisioning profiles matching 'com.example.notes'.
error	Command PhaseScriptExecution failed with a nonzero exit code
error	error: Signing for "NotesWidget" requires a development team. Select a development team in the Signing & Capabilities editor.
none	The following build commands failed:
error	ERROR: failed to solve: process "/bin/sh -c pip install -r requirements.txt" did not complete successfully: exit code: 1
error	ERROR: failed to solve: node:22-alpnie: failed to resolve source metadata for docker.io/library/node:22-alpnie: not found
error	failed to compute cache key: failed to calculate checksum of ref 3f2c: "/dist": not found
error	zsh: command not found: pyhton3
error	bash: ./deploy.sh: Permission denied
error	sh: 1: jq: not found
error	/bin/sh: line 1: cd: build/out: No such file or directory
error	cp: target/release/wisp-tui: No such file or directory
error	tar: Error opening archive: Failed to open 'dist.tgz'
error	Error: Process completed with exit code 1.
error	##[error]The operation was canceled.
error	Error: Unable to resolve action `example/deploy-action@v2`, repository not found
error	Sources/App/Router.swift:9:1: error: Line Length Violation: Line should be 160 characters or less; currently it has 187 characters (line_length)
error	Done linting! Found 2 violations, 2 serious in 64 files.
error	error: unused variable: `retries`
error	error: this `if` has identical blocks
error	Error: Invalid reference
error	│ Error: Unsupported argument
error	Error: error configuring S3 Backend: no valid credential sources for S3 Backend found.
error	app/models/user.rb:12:3: E: Lint/Syntax: unexpected token kEND
error	bundler: failed to load command: rake (/Users/dev/.gem/bin/rake)
error	An error occurred while installing pg (1.5.6), and Bundler cannot continue.
error	fatal: not a git repository (or any of the parent directories): .git
error	error: pathspec 'relase/2.4' did not match any file(s) known to git
error	swift-format: /Users/dev/src/kit/Sources/Kit/Box.swift: error: expected '}' in struct
error	[!] CocoaPods could not find compatible versions for pod "Firebase/Analytics":
error	gpg: signing failed: Inappropriate ioctl for device
error	Error: Cannot find module '@babel/preset-env'
error	mix compile failed due to --warnings-as-errors
error	** (CompileError) lib/app/router.ex:14: undefined function plug/2
# test-failure: a failing test, an assertion in test output, or a summary with failures > 0
test-failure	✘ Test decodesEmptyPayload() recorded an issue at PayloadTests.swift:31:7: Expectation failed: (decoded.items.count → 1) == 0
test-failure	✘ Test cancelsInFlightRequest() failed after 0.214 seconds with 2 issues.
test-failure	✘ Suite TokenRefreshTests failed after 0.9 seconds with 3 issues.
test-failure	✘ Test run with 212 tests in 31 suites failed after 8.402 seconds with 4 issues.
test-failure	✘ Test "parses ISO dates with offsets" recorded an issue at DateParsingTests.swift:58:9: Caught error: invalidFormat("2026-13-01")
test-failure	/Users/dev/src/app/Tests/AppTests/LoginTests.swift:44: error: -[AppTests.LoginTests testRejectsExpiredToken] : XCTAssertEqual failed: ("200") is not equal to ("401")
test-failure	Tests/KitTests/BoxTests.swift:19: error: -[KitTests.BoxTests testUnboxNil] : XCTAssertNil failed: "Optional(3)"
test-failure	Test Case '-[NotesTests.SyncTests testMergeConflict]' failed (0.031 seconds).
test-failure	Test Suite 'SyncTests' failed at 2026-09-14 09:12:03.118.
test-failure	Executed 88 tests, with 3 failures (0 unexpected) in 4.211 (4.230) seconds
none	Failing tests:
test-failure	    NotesTests.SyncTests/testMergeConflict()
test-failure	** TEST FAILED **
test-failure	test ledger::tests::rounds_half_even ... FAILED
test-failure	thread 'ledger::tests::rounds_half_even' panicked at src/ledger.rs:212:9:
test-failure	assertion `left == right` failed
none	  left: 1250
test-failure	test result: FAILED. 41 passed; 2 failed; 0 ignored; 0 measured; 0 filtered out; finished in 0.37s
test-failure	error: test failed, to rerun pass `--lib`
test-failure	--- FAIL: TestInvoiceTotals (0.01s)
test-failure	    --- FAIL: TestInvoiceTotals/zero_quantity (0.00s)
test-failure	    invoice_test.go:48: got 12.5, want 0
test-failure	FAIL    github.com/example/billing/internal/invoice    0.214s
test-failure	FAILED tests/unit/test_slugify.py::test_unicode_titles - AssertionError: assert 'caf' == 'cafe'
test-failure	tests/test_cache.py::test_eviction_order FAILED                          [ 42%]
test-failure	E       AssertionError: assert 3 == 4
test-failure	E       assert {'id': 7, 'state': 'open'} == {'id': 7, 'state': 'closed'}
test-failure	================= 2 failed, 118 passed, 3 skipped in 12.08s =================
test-failure	FAIL src/components/__tests__/Cart.test.tsx
test-failure	  ● Cart › removes the last item and shows the empty state
test-failure	    expect(received).toBe(expected) // Object.is equality
none	    Expected: 0
test-failure	Tests:       3 failed, 97 passed, 100 total
test-failure	Test Suites: 1 failed, 24 passed, 25 total
test-failure	 ❯ src/utils/money.test.ts > formatCents > handles negative values
test-failure	AssertionError: expected '-$0.50' to deeply equal '($0.50)'
test-failure	 Test Files  1 failed | 18 passed (19)
test-failure	  1) checkout flow applies coupon:
test-failure	     AssertionError: expected 2 to equal 4
test-failure	  2 failing
test-failure	not ok 7 - rejects malformed header
test-failure	# fail 1
test-failure	[FAIL] tests/e2e/login.spec.ts:22:5 › login › shows error on bad password
test-failure	  1 failed
test-failure	OrderServiceTest > refundsPartialOrder() FAILED
test-failure	    org.opentest4j.AssertionFailedError: expected: <150> but was: <100>
test-failure	[ERROR] Tests run: 14, Failures: 2, Errors: 0, Skipped: 1, Time elapsed: 0.482 s <<< FAILURE! -- in com.example.svc.OrderServiceTest
none	[ERROR] Failures:
test-failure	[ERROR]   OrderServiceTest.refundsPartialOrder:61 expected: <150> but was: <100>
test-failure	[ERROR] Tests run: 203, Failures: 2, Errors: 1, Skipped: 4
test-failure	42 tests completed, 3 failed
test-failure	FeedViewModelTest > loadsNextPage FAILED
test-failure	rspec ./spec/models/invoice_spec.rb:37 # Invoice#total includes tax
test-failure	     Failure/Error: expect(invoice.total).to eq(108.0)
none	       expected: 108.0
none	            got: 100.0
test-failure	58 examples, 2 failures, 1 pending
test-failure	Failure: test_parses_dates(DateTest) [test/date_test.rb:14]:
test-failure	  1) UserTest#test_email_normalised [test/models/user_test.rb:22]:
test-failure	4 runs, 9 assertions, 1 failures, 0 errors, 0 skips
test-failure	FAILED (failures=2, errors=1)
test-failure	FAIL: test_round_trip (tests.test_codec.CodecTests.test_round_trip)
test-failure	AssertionError: b'\x00\x01' != b'\x00\x02'
test-failure	ERROR: test_connects (tests.test_db.DbTests.test_connects)
test-failure	Assertion failed: (queue_len(q) == 0), function test_drain, file test_queue.c, line 88.
test-failure	[  FAILED  ] RingBufferTest.WrapsAround (1 ms)
test-failure	[  FAILED  ] 2 tests, listed below:
test-failure	/Users/dev/src/engine/tests/ring_test.cc:41: Failure
none	Expected equality of these values:
none	The following tests FAILED:
test-failure	     12 - net_retry (Failed)
test-failure	83% tests passed, 2 tests failed out of 12
test-failure	    ✗ returns 404 for unknown id (12 ms)
test-failure	Snapshot Summary › 1 snapshot failed from 1 test suite. Inspect your code changes or run `npm test -- -u` to update them.
test-failure	✕ renders the header with the user name (38 ms)
none	    - Expected  - 1
test-failure	--- FAIL: TestRetryBackoff (2.00s)
test-failure	    retry_test.go:77: backoff exceeded budget: got 2.1s, want <= 2s
test-failure	panic: test timed out after 30s
test-failure	Test 'NotesUITests.testCreateNote()' failed on 'iPhone 17 Pro - iOS 27.0' (4.112 seconds)
test-failure	XCTAssertTrue failed - Save button did not appear
none	failures:
test-failure	    session::tests::expires_after_ttl
test-failure	✘ Test "retries a 503 once" recorded an issue at RetryPolicyTests.swift:77:5: Issue recorded: expected a retry, got none
test-failure	Error: expect(received).toHaveBeenCalledTimes(expected)
test-failure	Mismatched snapshot in `src/__tests__/Header.test.tsx`
test-failure	--- FAIL: ExampleFormat
none	  Scenario: Guest checkout fails  # features/checkout.feature:12
test-failure	1 scenario (1 failed)
test-failure	[FAILED] tests::integration::export_csv
test-failure	    FAIL [   0.412s] ingest::parse tests::handles_bom
test-failure	     Summary [   3.101s] 214 tests run: 212 passed, 2 failed, 0 skipped
test-failure	Stack trace: AssertionError: Timed out retrying after 4000ms: Expected to find element: `[data-test=checkout]`, but never found it.
test-failure	(Run Finished) ✖  1 of 6 failed (17%)
test-failure	  ✘ Test "migration adds column" recorded an issue: Expectation failed: columns.contains("archived_at")
test-failure	Test failed: Expected <nil> but got <"timeout">
test-failure	MISMATCH: golden file testdata/report.golden differs at line 14
test-failure	3 tests, 1 failure
test-failure	  1) test creates a post (App.PostTest)
# warning: warnings and deprecations that do not fail the run
warning	/Users/dev/src/app/Sources/Net/Client.swift:61:13: warning: initialization of immutable value 'status' was never used; consider replacing with assignment to '_' or removing it
warning	Sources/Store/Cache.swift:12:7: warning: 'withUnsafeBytes' is deprecated: use `withUnsafeBytes<R>(_: (UnsafeRawBufferPointer) throws -> R) rethrows -> R` instead
warning	Sources/Core/Worker.swift:30:18: warning: capture of 'self' with non-sendable type 'Worker' in a '@Sendable' closure
warning	Sources/App/AppDelegate.swift:88:9: warning: will never be executed
warning	warning: 'kit': found 2 file(s) which are unhandled; explicitly declare them as resources or exclude from the target
warning	warning: 'swift-crypto': Invalid Resource 'README.md': File not found.
warning	Sources/Kit/Box.swift:14:1: warning: Trailing Whitespace Violation: Lines should not have trailing whitespace (trailing_whitespace)
warning	Sources/Kit/Env.swift:3:5: warning: Identifier Name Violation: Variable name 'x' should be between 3 and 40 characters long (identifier_name)
warning	src/codec.c:98:15: warning: comparison of integers of different signs: 'int' and 'size_t' [-Wsign-compare]
warning	lib/pool.cpp:40:9: warning: unused variable 'guard' [-Wunused-variable]
warning	include/config.h:7:9: warning: 'DEBUG' macro redefined [-Wmacro-redefined]
warning	ld: warning: ignoring duplicate libraries: '-lz'
warning	ld: warning: object file (/opt/homebrew/lib/libpng.a(png.o)) was built for newer macOS version (15.0) than being linked (14.0)
warning	warning: unused import: `std::collections::HashMap`
warning	warning: function `legacy_parse` is never used
warning	warning: variable does not need to be mutable
warning	warning: `ingest` (lib) generated 3 warnings (run `cargo fix --lib -p ingest` to apply 2 suggestions)
warning	warning: this `match` can be collapsed into the outer `if let`
warning	warning: redundant clone
warning	warning: use of deprecated function `chrono::NaiveDateTime::from_timestamp`: use `DateTime::from_timestamp` instead
warning	warning: the following packages contain code that will be rejected by a future version of Rust: nom v5.1.2
warning	warning: profiles for the non root package will be ignored, specify profiles at the workspace root
warning	ld: warning: -bind_at_load is deprecated on macOS
warning	go: warning: "all" matched no packages
warning	internal/cache/lru.go:22:2: SA4006: this value of `err` is never used (staticcheck)
warning	/Users/dev/proj/app/util.py:14: DeprecationWarning: datetime.datetime.utcnow() is deprecated and scheduled for removal in a future version.
warning	  /Users/dev/proj/.venv/lib/python3.13/site-packages/pydantic/_internal/_config.py:291: PydanticDeprecatedSince20: Support for class-based `config` is deprecated
none	=============================== warnings summary ===============================
warning	tests/test_http.py::test_redirects: PytestUnraisableExceptionWarning: Exception ignored in: <socket.socket fd=12>
warning	============ 64 passed, 2 warnings in 3.41s ============
error	app/views.py:88:1: E501 Line too long (104 > 88)
warning	WARNING: pip is configured with locations that require TLS/SSL, however the ssl module in Python is not available.
warning	WARNING: Running pip as the 'root' user can result in broken permissions and conflicting behaviour with the system package manager.
warning	ERROR: pip's dependency resolver does not currently take into account all the packages that are installed. This behaviour is the source of the following dependency conflicts.
warning	UserWarning: X does not have valid feature names, but LogisticRegression was fitted with feature names
warning	npm WARN deprecated inflight@1.0.6: This module is not supported, and leaks memory.
warning	npm warn deprecated glob@7.2.3: Glob versions prior to v9 are no longer supported
warning	npm WARN EBADENGINE Unsupported engine { package: 'vite@6.0.1', required: { node: '^18.0.0 || >=20.0.0' }, current: { node: 'v16.20.2' } }
warning	 WARN  Issues with peer dependencies found
warning	warning "react-query > use-sync-external-store@1.2.0" has unmet peer dependency "react@^16.8.0 || ^17.0.0 || ^18.0.0".
warning	/Users/dev/web/src/App.tsx 44:11  warning  React Hook useEffect has a missing dependency: 'load'  react-hooks/exhaustive-deps
warning	✖ 5 problems (0 errors, 5 warnings)
warning	(!) Some chunks are larger than 500 kB after minification. Consider:
warning	Browserslist: caniuse-lite is outdated. Please run: npx update-browserslist-db@latest
warning	(node:48213) [DEP0040] DeprecationWarning: The `punycode` module is deprecated. Please use a userland alternative instead.
warning	(node:5120) ExperimentalWarning: Type Stripping is an experimental feature and might change at any time
warning	Warning: Each child in a list should have a unique "key" prop.
warning	[WARNING] Using platform encoding (UTF-8 actually) to copy filtered resources, i.e. build is platform dependent!
warning	[WARNING] The requested profile "ci" could not be activated because it does not exist.
warning	Deprecated Gradle features were used in this build, making it incompatible with Gradle 9.0.
warning	w: file:///Users/dev/android/app/src/main/java/com/example/Feed.kt:22:9 Variable 'unused' is never used
warning	Note: Some input files use unchecked or unsafe operations.
warning	warning: [deprecation] getActiveNetworkInfo() in ConnectivityManager has been deprecated
warning	app/controllers/orders_controller.rb:31:5: C: Style/GuardClause: Use a guard clause (return unless order) instead of wrapping the code inside a conditional expression.
warning	/Users/dev/.rbenv/versions/3.3.4/lib/ruby/3.3.0/net/protocol.rb:68: warning: already initialized constant Net::ProtocRetryError
warning	DEPRECATION WARNING: `ActiveRecord::Base.default_timezone` is deprecated and will be removed in Rails 8.1
warning	CMake Warning (dev) at CMakeLists.txt:5 (project):
warning	CMake Deprecation Warning at CMakeLists.txt:1 (cmake_minimum_required):
warning	/Users/dev/src/NotesApp/Notes/Assets.xcassets: warning: The app icon set "AppIcon" has an unassigned child.
warning	warning: Run script build phase 'SwiftLint' will be run during every build because it does not specify any outputs.
warning	/Users/dev/src/NotesApp/Notes.xcodeproj: warning: The iOS Simulator deployment target 'IPHONEOS_DEPLOYMENT_TARGET' is set to 11.0, but the range of supported deployment target versions is 12.0 to 27.0.
warning	 1 warning found (use docker --debug to expand):
warning	 - SecretsUsedInArgOrEnv: Do not use ARG or ENV instructions for sensitive data (ARG "API_TOKEN") (line 9)
warning	WARNING: The requested image's platform (linux/amd64) does not match the detected host platform (linux/arm64/v8) and no specific platform was requested
warning	│ Warning: Argument is deprecated
warning	Warning: Value for undeclared variable
warning	##[warning]Node.js 16 actions are deprecated. Please update the following actions to use Node.js 20: actions/checkout@v3.
warning	warning: LF will be replaced by CRLF in docs/setup.md.
none	hint: Using 'master' as the name for the initial branch. This default branch name is subject to change.
warning	warning: redirecting to https://github.com/example/kit.git/
warning	[!] The `Notes [Debug]` target overrides the `ALWAYS_EMBED_SWIFT_STANDARD_LIBRARIES` build setting defined in `Pods/Target Support Files/Pods-Notes/Pods-Notes.debug.xcconfig'.
warning	Warning: No 'version' field in package.json
warning	warning: variable "conn" is unused (if the variable is not meant to be used, prefix it with an underscore)
warning	warning: unexpected `cfg` condition name: `tokio_unstable`
warning	src/main.ts:4:1 lint/style/useConst ━━━━━━━━ This let declares a variable that is only assigned once.
error	src/report/render.py:9: error: Unused "type: ignore" comment  [unused-ignore]
warning	                  ^-- SC2086 (info): Double quote to prevent globbing and word splitting.
warning	Sources/App/Feed.swift:40:21: warning: main actor-isolated property 'items' can not be mutated from a nonisolated context; this is an error in the Swift 6 language mode
warning	warning: 'reflection-metadata' is an experimental feature and may be removed
warning	RuntimeWarning: coroutine 'fetch_all' was never awaited
warning	⚠ Compiled with warnings in 4.1s
warning	warning  in ./src/index.css  Autoprefixer: Replace color-adjust to print-color-adjust.
warning	warning: 2 deprecated options found in .swiftlint.yml: 'unused_import', 'redundant_optional_initialization'
warning	/usr/local/bin/brew: warning: Treating `node@18` as a formula. For the cask, use homebrew/cask/node@18 or specify the `--cask` flag.
# crash: the process died abnormally
crash	Segmentation fault: 11
crash	zsh: segmentation fault  ./build/bin/engine --scene demo.json
crash	Abort trap: 6
crash	zsh: abort      swift run wisp-bench
crash	Illegal instruction: 4
crash	Killed: 9
crash	zsh: killed     node --max-old-space-size=512 scripts/import.js
crash	Bus error: 10
crash	fish: Job 1, './a.out' terminated by signal SIGSEGV (Address boundary error)
crash	Trace/BPT trap: 5
crash	Fatal error: Unexpectedly found nil while unwrapping an Optional value
crash	App/FeedViewController.swift:128: Fatal error: Index out of range
crash	Swift/ContiguousArrayBuffer.swift:691: Fatal error: Index out of range
crash	Fatal error: Duplicate keys of type 'OrderID' were found in a Dictionary.
crash	Thread 0 Crashed::  Dispatch queue: com.apple.main-thread
crash	Exception Type:  EXC_BAD_ACCESS (SIGSEGV)
crash	Termination Reason: Namespace SIGNAL, Code 6 Abort trap: 6
crash	Exception Type:  EXC_CRASH (SIGABRT)
crash	*** Terminating app due to uncaught exception 'NSInvalidArgumentException', reason: '-[__NSCFNumber length]: unrecognized selector sent to instance 0x8c1a'
crash	libc++abi: terminating due to uncaught exception of type std::out_of_range: vector
crash	terminate called after throwing an instance of 'std::bad_alloc'
crash	error: process exited with signal SIGSEGV
crash	Program received signal SIGSEGV, Segmentation fault.
crash	AddressSanitizer:DEADLYSIGNAL
crash	==48121==ERROR: AddressSanitizer: heap-use-after-free on address 0x602000000a10 at pc 0x0001004c3f10
crash	thread 'main' panicked at src/bin/ingest.rs:57:34:
crash	thread 'tokio-runtime-worker' panicked at 'called `Option::unwrap()` on a `None` value', src/worker.rs:88:22
crash	thread 'main' has overflowed its stack
crash	fatal runtime error: stack overflow
crash	error: process didn't exit successfully: `target/debug/ingest --file data.csv` (signal: 11, SIGSEGV: invalid memory reference)
crash	memory allocation of 17179869184 bytes failed
crash	panic: runtime error: invalid memory address or nil pointer dereference
crash	[signal SIGSEGV: segmentation violation code=0x2 addr=0x18 pc=0x1045a3c]
crash	panic: runtime error: index out of range [5] with length 5
crash	fatal error: concurrent map writes
crash	fatal error: all goroutines are asleep - deadlock!
crash	Traceback (most recent call last):
crash	KeyError: 'customer_id'
crash	ZeroDivisionError: float division by zero
crash	RecursionError: maximum recursion depth exceeded while calling a Python object
crash	Fatal Python error: Segmentation fault
crash	MemoryError
crash	json.decoder.JSONDecodeError: Expecting value: line 1 column 1 (char 0)
crash	AttributeError: 'NoneType' object has no attribute 'split'
crash	Exception in thread "main" java.lang.NullPointerException: Cannot invoke "String.length()" because "name" is null
crash	Exception in thread "pool-2-thread-1" java.lang.OutOfMemoryError: Java heap space
crash	# A fatal error has been detected by the Java Runtime Environment:
crash	#  SIGSEGV (0xb) at pc=0x000000010a3f2b40, pid=5512, tid=0x0000000000002303
crash	Caused by: java.net.BindException: Address already in use
crash	FATAL EXCEPTION: main
crash	FATAL ERROR: Reached heap limit Allocation failed - JavaScript heap out of memory
crash	TypeError: Cannot read properties of undefined (reading 'map')
crash	Uncaught ReferenceError: process is not defined
crash	[UnhandledPromiseRejection: This error originated either by throwing inside of an async function without a catch block, or by rejecting a promise which was not handled with .catch(). The promise rejected with the reason "ECONNREFUSED".]
crash	RangeError: Maximum call stack size exceeded
crash	/Users/dev/app/lib/importer.rb:40:in `block in run': undefined method `strip' for nil (NoMethodError)
crash	[BUG] Segmentation fault at 0x0000000000000008
crash	** (exit) exited in: GenServer.call(App.Cache, {:get, :user}, 5000)
crash	thread 'main' panicked at library/core/src/panicking.rs:221:5:
crash	exited with code 137 (OOMKilled)
crash	Container api exited with code 139
crash	The command '/bin/sh -c ./configure && make' returned a non-zero code: 139
crash	Assertion failed: (ptr != NULL), function pool_release, file pool.c, line 71.
crash	Precondition failed: buffer must be non-empty: file Kit/Ring.swift, line 40
crash	Fatal error: Can't remove last element from an empty collection
crash	xctest (48812) encountered an error (Early unexpected exit, operation never finished bootstrapping - no restart will be attempted. (Underlying Error: The test runner crashed while preparing to run tests: Notes at <external symbol>))
crash	Restarting after unexpected exit, crash, or test timeout in SyncTests.testLargeMerge(); summary will include totals from previous launches.
crash	error: Exited with unexpected signal code 5
crash	[1]    40213 floating point exception  ./stats --window 0
crash	Kernel panic - not syncing: VFS: Unable to mount root fs on unknown-block(0,0)
crash	objc[5521]: Attempt to use unknown class 0x600003e1c240.
crash	*** error for object 0x6000012a8000: pointer being freed was not allocated
# none: progress, passing, summaries, frames and snippets, non-failure mentions of error/fail
none	Building for debugging...
none	[14/88] Compiling Kit Box.swift
none	[88/88] Linking wisp
none	Build complete! (14.21s)
none	Build of product 'wisp' complete! (3.08s)
none	Fetching https://github.com/apple/swift-collections.git from cache
none	Computing version for https://github.com/apple/swift-argument-parser.git
none	Working copy of https://github.com/apple/swift-log.git resolved at 1.6.1
none	Test Suite 'All tests' passed at 2026-09-14 09:20:44.310.
none	Test Case '-[NotesTests.SyncTests testFastForward]' passed (0.004 seconds).
none	Executed 142 tests, with 0 failures (0 unexpected) in 2.803 (2.861) seconds
none	✔ Test failsGracefullyOnEmptyInput() passed after 0.002 seconds.
none	✔ Suite ErrorMappingTests passed after 0.041 seconds.
none	✔ Test run with 212 tests in 31 suites passed after 6.113 seconds.
none	◇ Test rejectsMalformedHeader() started.
none	◇ Suite RetryPolicyTests started.
none	** BUILD SUCCEEDED **
none	** TEST SUCCEEDED **
none	CompileSwift normal arm64 /Users/dev/src/NotesApp/Notes/NoteStore.swift (in target 'Notes' from project 'Notes')
none	CodeSign /Users/dev/Library/Developer/Xcode/DerivedData/Notes-abcd/Build/Products/Debug/Notes.app (in target 'Notes' from project 'Notes')
none	note: Building targets in dependency order
none	Resolve Package Graph
none	    /bin/sh -c /Users/dev/Library/Developer/Xcode/DerivedData/Notes-abcd/Build/Intermediates.noindex/Notes.build/Script-7F3A.sh
none	   Compiling error-chain v0.12.4
none	   Compiling thiserror-impl v1.0.63
none	   Compiling anyhow v1.0.86
none	    Finished `dev` profile [unoptimized + debuginfo] target(s) in 21.44s
none	    Finished `release` profile [optimized] target(s) in 1m 02s
none	     Running unittests src/lib.rs (target/debug/deps/ingest-4f1c2a9be0d3e71a)
none	  Downloaded tokio v1.40.0
none	    Updating crates.io index
none	     Locking 212 packages to latest compatible versions
none	test errors::tests::maps_io_error_to_exit_code ... ok
none	test retry::tests::gives_up_after_three_failures ... ok
none	test result: ok. 64 passed; 0 failed; 1 ignored; 0 measured; 0 filtered out; finished in 0.52s
none	running 64 tests
none	   Doc-tests ingest
none	    Checking ingest v0.4.1 (/Users/dev/src/ingest)
none	note: run with `RUST_BACKTRACE=1` environment variable to display a backtrace
none	   = note: `#[warn(dead_code)]` on by default
none	   = help: consider removing the borrow: `path`
none	    |
none	 12 |     let total = subtotal + tax;
none	    |                 ^^^^^^^^ expected `f64`, found `u32`
none	  --> src/ledger.rs:88:13
none	=== RUN   TestErrorWrapping
none	--- PASS: TestErrorWrapping (0.00s)
none	--- PASS: TestFailoverPicksSecondary (0.12s)
none	ok      github.com/example/billing/internal/invoice    0.182s
none	ok      github.com/example/billing/internal/ledger    (cached)
none	?       github.com/example/billing/cmd/billing    [no test files]
none	PASS
none	go: downloading golang.org/x/sync v0.8.0
none	goroutine 1 [running]:
none	main.main()
none	    /Users/dev/src/cli/main.go:22 +0x1c
none	============================= test session starts ==============================
none	platform darwin -- Python 3.13.1, pytest-8.3.3, pluggy-1.5.0
none	rootdir: /Users/dev/proj
none	collected 120 items
none	tests/unit/test_errors.py::test_error_handling_returns_422 PASSED        [ 12%]
none	tests/unit/test_retry.py::test_fail_fast_disabled PASSED                 [ 30%]
none	tests/test_io.py ........s......                                         [ 55%]
none	============================ 120 passed in 4.02s =============================
none	=================================== FAILURES ===================================
test-failure	_______________________________ test_refund_math _______________________________
none	=========================== short test summary info ============================
none	    def test_eviction_order(cache):
none	>       assert cache.keys() == ["b", "c"]
none	  File "/Users/dev/proj/app/importer.py", line 41, in load_rows
none	    rows = [parse(r) for r in reader]
none	           ^^^^^^^^^^^^^^^^^^^^^^^^^^
none	Success: no issues found in 48 source files
none	All checks passed!
none	3 files reformatted, 41 files left unchanged
none	Collecting requests>=2.31
none	  Downloading urllib3-2.2.3-py3-none-any.whl (126 kB)
none	Successfully installed idna-3.10 requests-2.32.3 urllib3-2.2.3
none	Requirement already satisfied: certifi in ./.venv/lib/python3.13/site-packages (2024.8.30)
none	added 1284 packages, and audited 1285 packages in 22s
none	found 0 vulnerabilities
none	up to date, audited 412 packages in 1s
none	> web@0.4.0 build
none	> vite build
none	vite v6.0.1 building for production...
none	✓ 1520 modules transformed.
none	dist/assets/index-4f9c1b2e.js   212.41 kB │ gzip: 68.12 kB
none	✓ built in 3.82s
none	 PASS  src/components/__tests__/ErrorBoundary.test.tsx
none	 PASS  src/utils/failover.test.ts (5.1 s)
none	    ✓ shows the fallback when a child throws (14 ms)
none	    ✓ retries failed requests twice (3 ms)
none	Tests:       100 passed, 100 total
none	Snapshots:   4 passed, 4 total
none	Time:        6.312 s
none	Ran all test suites.
none	 ✓ src/utils/money.test.ts (12 tests) 18ms
none	 Test Files  19 passed (19)
none	      Tests  241 passed (241)
none	   Duration  2.41s (transform 310ms, setup 0ms, collect 1.2s, tests 402ms)
none	  14 passing (212ms)
none	  2 pending
none	ok 6 - returns an error object for bad input
none	# pass  12
none	Done in 4.21s.
none	Progress: resolved 802, reused 790, downloaded 12, added 12, done
none	Packages: +12
warning	➤ YN0000: · Done with warnings in 1s 204ms
none	src/components/ErrorBoundary.tsx
none	src/lib/errors.ts
none	    at Object.<anonymous> (/Users/dev/web/scripts/seed.js:22:18)
none	    at Module._compile (node:internal/modules/cjs/loader:1554:14)
none	    at async Promise.all (index 3)
none	Node.js v22.9.0
none	[INFO] Scanning for projects...
none	[INFO] Building svc 1.8.0-SNAPSHOT
none	[INFO] --- maven-surefire-plugin:3.2.5:test (default-test) @ svc ---
none	[INFO] Tests run: 58, Failures: 0, Errors: 0, Skipped: 2
none	[INFO] BUILD SUCCESS
none	[INFO] Total time:  18.402 s
none	[INFO] Downloading from central: https://repo.maven.apache.org/maven2/org/slf4j/slf4j-api/2.0.13/slf4j-api-2.0.13.pom
none	> Task :app:compileDebugKotlin
none	> Task :app:test UP-TO-DATE
none	> Task :lint NO-SOURCE
none	BUILD SUCCESSFUL in 41s
none	27 actionable tasks: 9 executed, 18 up-to-date
none	OrderServiceTest > rejectsFailedPayment() PASSED
none	    at com.example.svc.OrderService.refund(OrderService.java:61)
none	    at java.base/java.lang.Thread.run(Thread.java:1583)
none	    ... 23 more
none	Starting a Gradle Daemon (subsequent builds will be faster)
none	Finished in 0.41207 seconds (files took 1.21 seconds to load)
none	58 examples, 0 failures
none	Randomized with seed 40211
none	Inspecting 64 files
none	64 files inspected, no offenses detected
none	Fetching gem metadata from https://rubygems.org/.........
none	Bundle complete! 42 Gemfile dependencies, 118 gems now installed.
none	# ./spec/models/invoice_spec.rb:37:in `block (3 levels) in <top (required)>'
none	Run options: --seed 51120
none	14 runs, 31 assertions, 0 failures, 0 errors, 0 skips
none	OK (skipped=2)
none	cc -O2 -Wall -c src/codec.c -o build/codec.o
none	make[1]: Entering directory '/Users/dev/src/engine/build'
none	make: Nothing to be done for 'all'.
none	make: 'build/engine' is up to date.
none	-- The C compiler identification is AppleClang 17.0.0.17000013
none	-- Configuring done (1.2s)
none	-- Build files have been written to: /Users/dev/src/engine/build
none	[42/310] Building CXX object src/CMakeFiles/engine.dir/render.cpp.o
none	[310/310] Linking CXX executable bin/engine
none	100% tests passed, 0 tests failed out of 12
none	[==========] 44 tests from 7 test suites ran. (18 ms total)
none	[  PASSED  ] 44 tests.
none	[ RUN      ] RingBufferTest.RejectsOverflow
none	[       OK ] RingBufferTest.FailsOnNullInput (0 ms)
none	    frame #3: 0x0000000100003f10 engine`main + 60 at main.c:18
none	1   libsystem_kernel.dylib            0x18c2f5a24 __pthread_kill + 8
none	Binary Images:
none	#0 building with "desktop-linux" instance using docker driver
none	#5 [builder 3/7] RUN npm ci --omit=dev
none	#7 CACHED
none	#12 exporting to image
none	#12 naming to docker.io/library/api:dev done
none	 => [internal] load build definition from Dockerfile
none	Successfully tagged api:latest
none	Run actions/checkout@v4
none	##[group]Run swift test --parallel
none	##[endgroup]
none	Post job cleanup.
none	Terraform has been successfully initialized!
none	Plan: 3 to add, 1 to change, 0 to destroy.
none	No changes. Your infrastructure matches the configuration.
none	Apply complete! Resources: 2 added, 0 changed, 0 destroyed.
none	Linting Swift files in current working directory
none	Done linting! Found 0 violations, 0 serious in 64 files.
none	0 errors, 0 warnings
none	Build succeeded    9/14/26, 9:18 AM    12.4 seconds
none	Checked 212 files in 38ms. No fixes applied.
none	Compiled successfully in 1.8s
none	webpack 5.94.0 compiled successfully in 2211 ms
none	Running tests with --no-fail-fast
none	expected error returned: ErrUnauthorized (ok)
none	Testing error paths... done
none	---
none	--------------------------------------------------------------------------------
none	Switched to a new branch 'fix/error-toast'
none	[fix/error-toast 4c1d2e9] Handle upload errors in the retry path
none	 3 files changed, 41 insertions(+), 12 deletions(-)
none	HEAD is now at 9a1f0b3 Fail fast when the config is missing
none	[12/40] Compiling App ErrorView.swift
none	[40/40] Linking FailureReporter
none	Resolved 3 packages in 212ms
none	Installed 3 packages in 9ms
none	remote: Resolving deltas: 100% (48/48), done.
none	Cloning into 'kit'...
none	Generated coverage report: 87.4% of lines covered
none	elapsed: 00:01:12
none	Waiting for the debugger to attach...
none	Listening on http://127.0.0.1:5173/
none	Watching for file changes...
crash	zsh: bus error  ./tools/pack --level 9
crash	Swift runtime failure: arithmetic overflow
crash	Fatal error: 'try!' expression unexpectedly raised an error: Kit.DecodeError.truncated(offset: 12)
crash	Unhandled exception. System.InvalidOperationException: Sequence contains no elements
crash	panic: assignment to entry in nil map
crash	thread 'main' panicked at src/config.rs:31:10: failed to read config.toml: Os { code: 2, kind: NotFound }
crash	IndexError: list index out of range
crash	sqlite3.OperationalError: database is locked
crash	PHP Fatal error:  Uncaught Error: Call to undefined function mb_strlen() in /srv/app/src/Text.php:14
crash	Error: EMFILE: too many open files, watch '/Users/dev/web/src'
crash	* thread #1, queue = 'com.apple.main-thread', stop reason = EXC_BREAKPOINT (code=1, subcode=0x19a3c5e10)
crash	Received signal 6 (SIGABRT), dumping core
crash	Illegal hardware instruction  ./sim --arch avx512
crash	UnicodeDecodeError: 'utf-8' codec can't decode byte 0x92 in position 418: invalid start byte
warning	Sources/App/Settings.swift:22:10: warning: no calls to throwing functions occur within 'try' expression
warning	src/net/socket.c:140:3: warning: implicit declaration of function 'close' is invalid in C99 [-Wimplicit-function-declaration]
warning	warning: unused manifest key: package.autobins
warning	warning: struct `LegacyRow` is never constructed
warning	FutureWarning: The default value of numeric_only in DataFrameGroupBy.mean is deprecated.
warning	npm WARN config production Use `--omit=dev` instead.
warning	src/store.ts:9:7 - warning: 'unusedSelector' is assigned a value but never used.
warning	[WARNING] Some problems were encountered while building the effective model for com.example:svc:jar:1.8.0-SNAPSHOT
warning	WARNING: Retrying (Retry(total=4, connect=None, read=None, redirect=None, status=None)) after connection broken by 'ReadTimeoutError'
warning	Sources/Kit/Log.swift:5:1: warning: File Length Violation: File should contain 400 lines or less: currently contains 512 (file_length)
test-failure	    ✕ rejects an expired coupon (7 ms)
test-failure	FAILED tests/api/test_orders.py::TestRefunds::test_partial_refund[eur] - assert 410 == 200
test-failure	--- FAIL: TestMigrateUp/add_index (0.03s)
test-failure	[FAIL] InvoiceSpec > "rounds totals to cents"
test-failure	✘ Test importsLegacyCSV() recorded an issue at ImportTests.swift:102:11: #expect(rows.count == 3) → rows.count was 2
test-failure	    expected 'pending' to equal 'shipped'
test-failure	OrderRepositoryIT > findsByCustomer() FAILED
test-failure	Tests: 1 failed, 1 flaky, 60 passed (2.1m)
test-failure	    ❌ testSortsByDueDate, XCTAssertEqual failed: ("[3, 1, 2]") is not equal to ("[1, 2, 3]")
test-failure	    ✗ checkout.spec.js › applies free shipping over 50

test-failure	tests/test_api.py ..F..s.E                                                [ 64%]
test-failure	tests/test_codec.py:88: AssertionError
error	ERROR tests/test_db.py::test_connect - psycopg.OperationalError: connection refused
none	tests/test_codec.py::test_decode SKIPPED (requires network)                [ 40%]
none	tests/test_parse.py::test_legacy XFAIL (known bug)
test-failure	[XPASS(strict)] tests/test_parse.py::test_legacy
none	session::tests::expires_after_ttl: test
none	Test Case '-[NotesTests.SyncTests testMergeConflict]' started.
none	Test Suite 'SyncTests' started at 2026-09-14 09:12:03.100.
none	Test Case '-[NotesTests.SyncTests testUpload]' skipped (0.001 seconds).
error	FAIL    github.com/example/billing/internal/ledger [build failed]
test-failure	    testing.go:1465: race detected during execution of test
crash	==51230==ERROR: LeakSanitizer: detected memory leaks
crash	Segmentation fault (core dumped)
crash	Aborted (core dumped)
crash	Thread 3: EXC_BAD_ACCESS (code=1, address=0x10)
error	error: linking with `cc` failed: exit status: 1
error	CONFLICT (content): Merge conflict in src/app.ts
error	error: failed to push some refs to 'github.com:example/kit.git'
error	fatal: unable to access 'https://github.com/example/kit.git/': Could not resolve host: github.com
error	curl: (22) The requested URL returned error: 404
error	black....................................................................Failed
none	ruff.....................................................................Passed
none	check yaml...........................................(no files to check)Skipped
error	ERROR: Coverage failure: total of 74 is less than fail-under=80
error	Jest: "global" coverage threshold for lines (80%) not met: 74.12%
warning	3 high severity vulnerabilities
warning	        FLAKY 2/3 [   1.204s] net::tests::reconnects
test-failure	    thrown: "Exceeded timeout of 5000 ms for a test.
error	##[error]The job running on runner GitHub Actions 12 has exceeded the maximum execution time of 360 minutes.
error	error: externally-managed-environment
error	  × No solution found when resolving dependencies:
none	Sources/Net/Client.swift:30:10: note: 'upload(for:from:)' declared here
none	9a1f0b3 Stop the build failing when the cache directory is missing
